"SN","First Name","Last Name","Username","Email","Registered On","User Type","Status"
"1","sunil","shrestha","sunilshresthastha","sunil.shrestha@yopmail.com","May 30, 2023","Free","Unverified"
"2","Sunil","Shrestha","sunilgurzu","sunil.shrestha@gurzu.com","May 24, 2023","Free","Verified"
"3","sunil","shrestha","sunil_55","sunil.stha86+55@gmail.com","May 24, 2023","Free","Unverified"
"4","James","Shrestha","james","jasmeen.shrestha+1@gurzu.com","May 5, 2023","Free","Verified"
"5","Sandi","Test","sandi","nihal+test1@gurzu.com","April 27, 2023","Premium","Verified"
"6","Nihal","Shrestha","nihaldemo","nihal+demo@gurzu.com","April 13, 2023","Free","Verified"
"7","Nihal","Shrestha","nihal11","nihal+11@gurzu.com","April 13, 2023","Free","Verified"
"8","Nihal","Shrestha","nihal10","nihal+10@gurzu.com","April 13, 2023","Free","Verified"
"9","Nihal","Shrestha","nihal9","nihal+9@gurzu.com","April 13, 2023","Free","Verified"
"10","Nihal","Shrestha","nihal8","nihal+8@gurzu.com","April 13, 2023","Free","Verified"
"11","Nihal","Shrestha","nihal7","nihal+7@gurzu.com","April 13, 2023","Free","Verified"
"12","Nihal","Shrestha","nihal6","nihal+6@gurzu.com","April 13, 2023","Free","Verified"
"13","Nihal","Shrestha","nihal5","nihal+5@gurzu.com","April 12, 2023","Premium","Verified"
"14","Nihal","Four","nihal4","nihal+4@gurzu.com","April 12, 2023","Free","Verified"
"15","Nihal","Three","nihal3","nihal+3@gurzu.com","April 12, 2023","Free","Verified"
"16","Nihal","Two","nihal2","nihal+2@gurzu.com","April 11, 2023","Free","Verified"
"17","Yubin","Karki","yk","yubin.karki@gurzu.com","April 3, 2023","Free","Verified"
"18","Tiana","Watson","tiana","nihal+1@gurzu.com","March 30, 2023","Premium","Verified"
"19","Suprince","Shakya","suprince","suprince.shakya@gurzu.com","March 17, 2023","Free","Verified"
"20","Testing","","milan.g","milan.amatya+g@gurzu.com","January 20, 2023","Free","Unverified"
"21","sun","nil","sunil.12","sunil.12@yopmail.com","January 20, 2023","Free","Verified"
"22","Hell","","hell","hello@yopmail.com","January 20, 2023","Free","Deleted"
"23","Phone","","testphone","testphone@yopmail.com","January 20, 2023","Free","Verified"
"24","Sun","","usersunil","sunil.stha86+18@gmail.com","January 20, 2023","Free","Verified"
"25","SunNil","","sunil","sunil.stha86+186@gmail.com","January 20, 2023","Free","Verified"
"26","Mahesh","","mahesh","mahesh@yopmail.com","January 20, 2023","Free","Verified"
"27","Sunil","","sunilstha","sunilstha@yopmail.com","January 18, 2023","Free","Verified"
"28","Notebooks","","notebook","notebook@yopmail.com","December 8, 2022","Free","Verified"
"29","Rabin","","rabin","rabin@yopmail.com","November 17, 2022","Free","Verified"
"30","Sn","Royal","sn","sn.royal@yopmail.com","November 15, 2022","Free","Verified"
"31","Sodip","Thapa","sodip1","sodip.thapa@gurzu.com","November 7, 2022","Free","Verified"
"32","Sandesh","","wolowolo","wolowolo@yopmail.com","November 4, 2022","Free","Verified"
"33","Nikita","","nikita123","nikita123@yopmail.com","November 3, 2022","Free","Verified"
"34","Nikita","","nikita12","nikita12@yopmail.com","November 3, 2022","Free","Verified"
"35","Nikita","","nikita1","nikita1@yopmail.cm","November 3, 2022","Free","Unverified"
"36","Nikita","","nikita","nikita@yopmail.com","November 3, 2022","Free","Verified"
"37","Ravi","","ravi","ravi@yopmail.com","October 22, 2022","Free","Verified"
"38","Shreejala","Tuladhar","shreza12","shreejala12@yopmail.com","October 10, 2022","Free","Verified"
"39","Shreejala","Tuladhar","shreza11","shreejala11@yopmail.com","October 10, 2022","Free","Verified"
"40","Shreejala","Tuladhar","shreza10","shreejala10@yopmail.com","October 10, 2022","Free","Verified"
"41","Nishu","Test","nishuu","nishutest@yopmail.com","October 10, 2022","Free","Verified"
"42","Merisha","Four","merisha4","merisha4@yopmail.com","October 9, 2022","Free","Verified"
"43","Merisha","Three","merisha3","merisha3@yopmail.com","October 9, 2022","Free","Verified"
"44","Rojma","Four","rojma4","rojma4@yopmail.com","September 24, 2022","Free","Verified"
"45","Rojma","Three","rojma3","rojma3@yopmail.com","September 23, 2022","Free","Verified"
"46","Hello","World","helloblock","helloblock@yopmail.com","September 23, 2022","Free","Suspended"
"47","Rojmay","Two","rojma2","rojma2@yopmail.com","September 23, 2022","Free","Suspended"
"48","Rojma","One","rojma","rojma@yopmail.com","September 23, 2022","Free","Suspended"
"49","Blockuser","","blockuser","blockuser@yopmail.com","September 23, 2022","Free","Verified"
"50","Lina","One","lina1","lina1@yopmail.com","September 21, 2022","Free","Verified"
"51","Nishu","Nine","nishu9","nishu9@yopmail.com","September 21, 2022","Free","Suspended"
"52","Nishu","Eight","nishu8","nishu8@yopmail.com","September 21, 2022","Free","Verified"
"53","Nishu","Seven","nishu7","nishu7@yopmail.com","September 21, 2022","Free","Suspended"
"54","Nishu","Four","nishu4","nishu4@yopmail.com","September 21, 2022","Free","Suspended"
"55","Nishu","Two","nishu2","nishu2@yopmail.com","September 21, 2022","Free","Verified"
"56","Nishu","One","nishu1","nishu1@yopmail.com","September 21, 2022","Free","Verified"
"57","Rabina","Nine","rabina9","rabina9@yopmail.com","September 21, 2022","Free","Verified"
"58","Rabina","Eight","rabina8","rabina8@yopmail.com","September 21, 2022","Free","Suspended"
"59","Rabina","Seven","rabina7","rabina7@yopmail.com","September 21, 2022","Free","Verified"
"60","Rabina","Four","rabina4","rabina4@yopmail.com","September 21, 2022","Free","Suspended"
"61","Rabina","Three","rabina3","rabina3@yopmail.com","September 21, 2022","Free","Suspended"
"62","Rabina","Two","rabina2","rabina2@yopmail.com","September 21, 2022","Free","Verified"
"63","Alina","Nine","alina9","alina9@yopmail.com","September 21, 2022","Free","Suspended"
"64","Alina","Eight","alina8","alina8@yopmail.com","September 21, 2022","Free","Suspended"
"65","Alina","Six","alina6","alina6@yopmail.com","September 21, 2022","Free","Suspended"
"66","Alina","Five","alina5","alina5@yopmail.com","September 21, 2022","Free","Suspended"
"67","Shreza","Nine","shreza9","shreza9@yopmail.com","September 21, 2022","Free","Verified"
"68","Shreza","Eight","shreza8","shreza8@yopmail.com","September 21, 2022","Free","Verified"
"69","Shreza","Seven","shreza7","shreza7@yopmail.com","September 21, 2022","Free","Verified"
"70","Shreza","Four","shreza4","shreza4@yopmail.com","September 20, 2022","Free","Verified"
"71","Shreza","Three","shreza3","shreza3@yopmail.com","September 20, 2022","Free","Verified"
"72","Shreza","One","shreza1","shreza1@yopmail.com","September 20, 2022","Free","Verified"
"73","Test","Shreza","testshreza","test.shreza@yopmail.com","September 20, 2022","Free","Verified"
"74","Sunil","Shrestha","shresthasunil1","shresthasunil@yopmail.com","August 25, 2022","Free","Verified"
"75","Sunil","Shrestha","shresthasunil","shresthasunil@yopmaail.com","August 25, 2022","Free","Unverified"
"76","Aditi","Test","aditiiiiiiiii","aditi+98876@gurzu.com","August 24, 2022","Free","Verified"
"77","Aditi","Test","aditiiiiiiii","aditi+9876@gurzu.com","August 24, 2022","Free","Verified"
"78","Sunil","shrestha","mediahub","mediahub@yopmail.com","August 23, 2022","Free","Suspended"
"79","Test","Oops","oops","test.oops@yopmail.com","August 23, 2022","Free","Verified"
"80","Michael","Jackson","michael","milan.amatya+jack@gurzu.com","August 11, 2022","Free","Verified"
"81","User","Delete","userdelete6","userdelete6@yopmail.com","August 10, 2022","Free","Deleted"
"82","User","Delete","userdelete6","userdelete6@yopmail.com","August 10, 2022","Free","Deleted"
"83","User","Delete","userdelete5","userdelete5@yopmail.com","August 10, 2022","Free","Deleted"
"84","Tanner","Stafford","tanner.from.la","hepax49403@chimpad.com","August 10, 2022","Free","Verified"
"85","Carolyn","Gray","carolyn.yay","gowoger558@chimpad.com","August 10, 2022","Free","Verified"
"86","Kimberly","Jones","classickim","rebel96085@chimpad.com","August 10, 2022","Free","Verified"
"87","Anthony","Walker","tonys.walkin.here","fapami1154@logodez.com","August 10, 2022","Free","Verified"
"88","User","Delete","userdelete4","userdelete4@yopmail.com","August 10, 2022","Free","Deleted"
"89","User","Delete","userdelete3","userdelete3@yopmail.com","August 10, 2022","Free","Deleted"
"90","Anthony","Walker","tony.runner","larek19228@logodez.com","August 10, 2022","Free","Unverified"
"91","User","Delete","userdelete2","userdelete2@yopmail.com","August 10, 2022","Free","Deleted"
"92","User","Delete","userdelete1","userdelete1@yopmail.com","August 10, 2022","Free","Deleted"
"93","Anthony","Walker","tonyswalkinhere","yafab19346@aregods.com","August 10, 2022","Free","Unverified"
"94","User","Delete","userdelete","userdelete@yopmail.com","August 10, 2022","Free","Deleted"
"95","Tianna","Moore","tianna.m","cofeki4137@logodez.com","August 10, 2022","Free","Verified"
"96","Desmond","Carter","dezcarter","mipemi7799@galotv.com","August 10, 2022","Free","Verified"
"97","Jada","Harris","jada.says.hi","cipobef631@chimpad.com","August 10, 2022","Free","Verified"
"98","Delete","Again","deleteagain","deleteagain@yopmail.com","August 10, 2022","Free","Deleted"
"99","Delete","User","deleteuser","deleteuser@yopmail.com","August 10, 2022","Free","Deleted"
"100","Test","User","testinguser1","testinguser1@yopmail.com","August 10, 2022","Free","Deleted"
"101","Test","User","testinglogout1","testinglogout1@yopmail.com","August 10, 2022","Free","Deleted"
"102","Testing","Logout","testinglogout","testinglogout@yopmail.com","August 10, 2022","Free","Deleted"
"103","Test","Logout","testlogout","testlogout@yopmail.com","August 10, 2022","Free","Deleted"
"104","Malcolm","Johnson","macjohnny","salepi9595@aregods.com","August 10, 2022","Free","Verified"
"105","Test","User","testing1997","testing1997@yopmail.com","August 10, 2022","Free","Deleted"
"106","Test","User","tester1997","tester1997@yopmail.com","August 10, 2022","Free","Deleted"
"107","Test","User","test1997","test1997@yopmail.com","August 10, 2022","Free","Deleted"
"108","Grace","Williams","grace.williams","mikera8019@aregods.com","August 10, 2022","Free","Verified"
"109","Signup","","signup.wolo","signup@yopmail.com","August 3, 2022","Free","Deleted"
"110","Sunil","","testproject2","testproject2@yopmail.com","August 1, 2022","Free","Verified"
"111","Testproject","","testpeoject","testproject.io@yopmail.com","August 1, 2022","Free","Verified"
"112","test","io","testproject1","testproject1@yopmail.com","August 1, 2022","Free","Verified"
"113","Sunil","Project","testproject","testproject@yopmail.com","August 1, 2022","Free","Suspended"
"114","Wave","Joy","spiderwave","spider@yopmail.com","July 27, 2022","Free","Deleted"
"115","Hello","Wave","wave.3","wave@yopmail.com","July 27, 2022","Free","Verified"
"116","sunil","shrestha","testtest9","testtest9@yopmail.com","July 15, 2022","Free","Suspended"
"117","Sunil","H","testtest8","testtest8@yopmail.com","July 15, 2022","Free","Suspended"
"118","sunil","shrestha","testtest7","testtest7@yopmail.com","July 15, 2022","Free","Suspended"
"119","sunil","shrestha","testtest6","testtest6@yopmail.com","July 15, 2022","Free","Verified"
"120","sunil","shrestha","testtest5","testtest5@yopmail.com","July 15, 2022","Free","Suspended"
"121","sunil","shrestha","testtest4","testtest4@yopmail.com","July 15, 2022","Free","Suspended"
"122","sunil","shrestha","testtest3","testtest3@yopmail.com","July 15, 2022","Free","Suspended"
"123","sunil","shrestha","testtest2","testtest2@yopmail.com","July 15, 2022","Free","Suspended"
"124","Testing","Testing","test1","test1@yopmail.com","July 15, 2022","Free","Verified"
"125","Test","","testtest1","test@yopmail.com","July 15, 2022","Free","Suspended"
"126","Blue","Gabe","bluewolo","bluegabe@yopmail.com","July 12, 2022","Free","Verified"
"127","Binit","","026binittest1301","026binit+test1301@gmail.com","July 4, 2022","Free","Verified"
"128","Binit","","026binittest1300","026binit+test1300@gmail.com","July 4, 2022","Free","Unverified"
"129","Binit","","026binittest1205","026binit+test1205@gmail.com","July 4, 2022","Free","Unverified"
"130","sunil","","sunilsunil","suneel@yopmail.com","July 4, 2022","Free","Unverified"
"131","Binit","","026binittest10010","026binit+test10010@gmail.com","June 30, 2022","Free","Unverified"
"132","BINIT","","026binittest1008","026binit+test1008@gmail.com","June 30, 2022","Free","Unverified"
"133","Binit","Jha","026binittest1007","026binit+test1007@gmail.com","June 29, 2022","Free","Verified"
"134","Binit","Jha","026binittest1006","026binit+test1006@gmail.com","June 29, 2022","Free","Verified"
"135","Binit","Jha","026binittest1005","026binit+test1005@gmail.com","June 29, 2022","Free","Unverified"
"136","Binit","","024binittest12345","024monu+test@gmail.com","June 29, 2022","Free","Unverified"
"137","Sunil","","sunlight","sun@yopmail.com","June 29, 2022","Free","Suspended"
"138","Sunil","","sun","s@yopmail.com","June 29, 2022","Free","Unverified"
"139","Hello","Hell","hello1","hello12@yopmail.com","June 20, 2022","Free","Suspended"
"140","Micheal","Jackson","micheal","aditi+m@gurzu.com","June 20, 2022","Free","Verified"
"141","Hello","World","hello","helloworld@yopmail.com","June 20, 2022","Free","Verified"
"142","Pradip","","pradip","sunil.stha8866+1@gmail.com","June 17, 2022","Free","Verified"
"143","Lucifer","Star","lucifermorningstar","aditi+lucifer@gurzu.com","June 16, 2022","Free","Verified"
"144","prateek","test","prateektest","tedele9801@serosin.com","June 14, 2022","Free","Verified"
"145","Binit","Jha","026binittest15","026binit+test15@gmail.com","June 13, 2022","Free","Verified"
"146","Binit","Jha","026binittest14","026binit+test14@gmail.com","June 13, 2022","Free","Unverified"
"147","Binit","","026binittest13","026binit+test13@gmail.com","June 13, 2022","Free","Unverified"
"148","Binit","","026binittest12","026binit+test12@gmail.com","June 13, 2022","Free","Unverified"
"149","Binit","","026binittest11","026binit+test11@gmail.com","June 13, 2022","Free","Unverified"
"150","Binit","","026binittest10","026binit+test10@gmail.com","June 13, 2022","Free","Unverified"
"151","Binit","","026binittest9","026binit+test9@gmail.com","June 13, 2022","Free","Unverified"
"152","Binit","","026binittest8","026binit+test8@gmail.com","June 13, 2022","Free","Unverified"
"153","Binit","","026binittest7","026binit+test7@gmail.com","June 13, 2022","Free","Unverified"
"154","Binit","Jha","026binittest6","026binit+test6@gmail.com","June 8, 2022","Free","Unverified"
"155","Binit","Jha","026binittest5","026binit+test5@gmail.com","June 8, 2022","Free","Unverified"
"156","Binit","","026binittest4","026binit+test4@gmail.com","June 8, 2022","Free","Unverified"
"157","Binit","","026binittest3","026binit+test3@gmail.com","June 8, 2022","Free","Unverified"
"158","John","Doe","john1","john+9@yopmail.com","June 8, 2022","Free","Unverified"
"159","Binit","","026binittest2","026binit+test2@gmail.com","June 8, 2022","Free","Unverified"
"160","Binit","jha","026binittest1","026binit+test1@gmail.com","June 8, 2022","Free","Unverified"
"161","V1test","Test","milan.amatya.v1_test","milan.amatya+v1@gurzu.com","June 7, 2022","Free","Verified"
"162","Jhonny","","jhonny","jhonny@yopmail.com","June 2, 2022","Free","Suspended"
"163","Mr","Depp","depp","depp@yopmail.com","June 2, 2022","Free","Suspended"
"164","sandesh","Rijal","sandesh","sandesh@yopmail.com","May 31, 2022","Free","Verified"
"165","Sandesh","Rajial","nepal","sandesh1@yopmail.com","May 31, 2022","Free","Suspended"
"166","Sandesh","Rijal","sandesh","sandesh@yopmail.com","May 31, 2022","Free","Deleted"
"167","Aman","Hoina","naman","naman.wolo@yopmail.com","May 26, 2022","Free","Verified"
"168","Shrestha","Sunil","sunils","sunild@yopmail.com","May 26, 2022","Free","Verified"
"169","Test","Speaker","test.speaker","speaker@yopmail.com","May 25, 2022","Free","Verified"
"170","Chris","Hunter","chrishunter","chris@yopmail.com","May 25, 2022","Free","Verified"
"171","John","Doe","john","john@yopmail.com","May 25, 2022","Free","Verified"
"172","Wolowolo","","wolowolo","wolowolo@yopmail.com","May 25, 2022","Free","Deleted"
"173","Sunil","Shrestha","usersunil86","sunil86@yopmail.com","May 23, 2022","Free","Deleted"
"174","Binit","","026binit142","026binit+b142@gmail.com","May 20, 2022","Free","Verified"
"175","Binit","jha","026binitb1","026binit+b1@gmail.com","May 20, 2022","Free","Deleted"
"176","Binit","","026binitb2","026binit+b2@gmail.com","May 20, 2022","Free","Verified"
"177","Binit","","026binitb3","026binit+b3@gmail.com","May 20, 2022","Free","Verified"
"178","Kiran","shrestha","milan.amatya.kiran","milan.amatya+kiran@gurzu.com","May 20, 2022","Free","Unverified"
"179","Binit","Jha","027binit","026binit+b4@gmail.com","May 19, 2022","Free","Verified"
"180","Saluna","Shrestha","saluna","neemsajcrestha@gmail.com","May 19, 2022","Free","Verified"
"181","Sunil","Shrestha","huntersunil2","sunil.88@yopmail.com","May 18, 2022","Free","Verified"
"182","Sunil","","huntersunil1","sunil.87@yopmail.com","May 18, 2022","Free","Verified"
"183","Sunil","","huntersunil","sunil.86@yopmail.com","May 18, 2022","Free","Suspended"
"184","sunil","shrestha","h5iii7","aditi+34565877@gurzu.com","May 18, 2022","Free","Unverified"
"185","sunil","shrestha","h5iii","aditi+3456587@gurzu.com","May 17, 2022","Free","Unverified"
"186","sunil","shrestha","h5ii","aditi+345657@gurzu.com","May 17, 2022","Free","Unverified"
"187","sunil","shrestha","sunil_55","sunil.stha86+55@gmail.com","May 17, 2022","Free","Deleted"
"188","sunil","shrestha","sunil_5555","sunil.stha86+5555@gmail.com","May 17, 2022","Free","Deleted"
"189","sunil@%","shrestha","sunil.11","sunil.stha1@yopmail.com","May 17, 2022","Free","Unverified"
"190","sunil","shrestha","sunil.1","sunil.stha@yopmail.com","May 17, 2022","Free","Verified"
"191","sunil","shrestha","hii","aditi+34567@gurzu.com","May 16, 2022","Free","Unverified"
"192","sunil","","sunil1234","sunil.stha88667@gmail.com","May 16, 2022","Free","Unverified"
"193","John","Mister","hellojohnsnow","sunil.stha86@gmail.com","May 16, 2022","Free","Verified"
"194","sunil","shrestha","sunil86","sunil.stha86+1523@gmail.com","May 16, 2022","Free","Unverified"
"195","sunil","shrestha","sunil123","sunil.stha86+123@gmail.com","May 16, 2022","Free","Unverified"
"196","Darth","Vader","darth","aditi+3456@gurzu.com","May 16, 2022","Free","Unverified"
"197","Sunil","","sunilgg","sunil.stha86+500@gmail.com","May 16, 2022","Free","Unverified"
"198","Sunil","Shrestha","test100","sunil.stha86+100@gmail.com","May 16, 2022","Free","Verified"
"199","Lina","","lina","lina@yopmail.com","May 12, 2022","Free","Verified"
"200","Darth","Vader","iamdarthvader","aditi+darth@gurzu.com","May 12, 2022","Free","Verified"
"201","Sunil","Shrestha","sunil00","sunil.stha86+000@gmail.com","May 11, 2022","Free","Verified"
"202","Wolowolo","","wolowolo4","wolowolo4@yopmail.com","May 11, 2022","Free","Deleted"
"203","Binit","","026binit","026binit@gmail.com","May 10, 2022","Free","Deleted"
"204","xander","cage","xandercage","xandercage@yoasdfasdfasefpmail.com","May 10, 2022","Free","Unverified"
"205","Sunil","Shrestha","wolowolo4","sunil.stha86+555@gmail.com","May 10, 2022","Free","Suspended"
"206","xander","cage","xxandercage","xandercagex@yopmail.com","May 7, 2022","Free","Deleted"
"207","xander","cage","xxandercage","xandercagex@yopmail.com","May 7, 2022","Free","Deleted"
"208","Test","Logout","testlogout","test.logout@yopmail.com","May 2, 2022","Free","Deleted"
"209","Wolowolo","","wolowolo2","wolowolo2@yopmail.com","May 2, 2022","Free","Deleted"
"210","Ruj","","ruj","ruj@yopmail.com","May 2, 2022","Free","Deleted"
"211","Sunil","","stha","stha@yopmail.com","May 2, 2022","Free","Unverified"
"212","Sunil","Shrestha","sunil88","sunil.stha86+88@gmail.com","May 2, 2022","Free","Deleted"
"213","Sunil","Shrestha","sunil88","sunil.stha86+88@gmail.com","May 2, 2022","Free","Deleted"
"214","Billie","Joe","pop","aditi+90@gurzu.com","May 2, 2022","Free","Verified"
"215","Billie","Joe","","","May 2, 2022","Free","Deleted"
"216","Millie","Billie","millie","aditi+34@gurzu.com","May 2, 2022","Free","Verified"
"217","For","Staging","staging","staging@yopmail.com","May 2, 2022","Free","Verified"
"218","Sunil","Shrestha","sunilstga86","8384c585-38b6-45db-af9a-64103b9773ad_sunil.stha86+888@gmail.com","May 1, 2022","Free","Deleted"
"219","Millie","billie","millie","aditi+34@gurzu.com","May 1, 2022","Free","Deleted"
"220","Sunil","","zemach","sunil@zemach.com.il","May 1, 2022","Free","Unverified"
"221","Sunil","Shrestha","sunilnp","sunil@harati.com.np","May 1, 2022","Free","Unverified"
"222","Shreejal","","shreejal","shreejal@yopmail.com","April 30, 2022","Free","Verified"
"223","Don","Don","mehoondon","aditi+238@gurzu.com","April 29, 2022","Free","Suspended"
"224","Hey","Lady","aditi45","aditi55@gurzu.com","April 29, 2022","Free","Verified"
"225","Coca","Cola","cokacola","aditi+235@gurzu.com","April 29, 2022","Free","Unverified"
"226","Xander","Cage1","","","April 29, 2022","Free","Deleted"
"227","sunil","shrestha","sunil8801","sunil.stha86+01@gmail.com","April 29, 2022","Free","Deleted"
"228","sunil","shrestha","sunil8800","sunil.stha86+00@gmail.com","April 29, 2022","Free","Suspended"
"229","Shila1s","","shila1s","shila+1s@yopmail.com","April 29, 2022","Free","Suspended"
"230","sunil","shrestha","96b5aef0-019a-4038-8c01-a9d49999e02c_sunil88","96b5aef0-019a-4038-8c01-a9d49999e02c_sunil.stha86+88@gmail.com","April 29, 2022","Free","Verified"
"231","Shila1","","shila1","shila+1@yopmail.com","April 29, 2022","Free","Unverified"
"232","sunil","shrestha","65656330-4618-4ba5-b82e-62d148ad9fd7_sunil96","65656330-4618-4ba5-b82e-62d148ad9fd7_sunil.stha86+96@gmail.com","April 29, 2022","Free","Suspended"
"233","sunil","shrestha","sunil76","sunil.stha86+76@gmail.com","April 28, 2022","Free","Verified"
"234","Shila","","shila","shila@yopmail.com","April 28, 2022","Free","Verified"
"235","Sunil","","sunil56","sunil.stha86+56@gmail.com","April 28, 2022","Free","Deleted"
"236","Sunil","","sunil.47","sunil.stha86+47@gmail.com","April 28, 2022","Free","Unverified"
"237","GRISHMA","","aditi0123","aditi+566@gurzu.com","April 28, 2022","Free","Verified"
"238","Donn","Donn","aditi","aditi+188@gurzu.com","April 28, 2022","Free","Verified"
"239","sunil","shrestha","sunil46","sunil.stha86+46@gmail.com","April 28, 2022","Free","Verified"
"240","Sunil","","sunil.45","sunil.stha86+45@gmail.com","April 28, 2022","Free","Unverified"
"241","Sunil","","sunil.55","sunil.stha86+44@gmail.com","April 28, 2022","Free","Unverified"
"242","Prateek","Thapa","prateekjhapa","prateek.thapa+wolo@gurzu.com","April 28, 2022","Free","Verified"
"243","Kamal","Paneru","thekamalpaneru","kamalpaneru.15@gmail.com","April 28, 2022","Free","Verified"
"244","Samina","","samina","samina@yopmail.com","April 27, 2022","Free","Verified"
"245","Sandhya","Amatya","milan.amatya_sandhya","milan.amatya+sandhya@gurzu.com","April 27, 2022","Free","Verified"
"246","Sunil","","","","April 27, 2022","Free","Deleted"
"247","Jasmeen","Shrestha","jasmeen07","jasmeen.crestha@gmail.com","April 27, 2022","Premium","Verified"
"248","Aditi","Acharya","aditi1652767","aditi+167526@gurzu.com","April 26, 2022","Free","Verified"
"249","Aditi","Acharya","aditi165767","aditi+16756@gurzu.com","April 26, 2022","Free","Verified"
"250","Aditi","Acharya","aditi16767","aditi+1676@gurzu.com","April 26, 2022","Free","Verified"
"251","Aditi","Acharya","aditi1667","aditi+166@gurzu.com","April 26, 2022","Free","Verified"
"252","sunil","shrestha","sunil.23","sunil.stha86+23@gmail.com","April 26, 2022","Free","Verified"
"253","Rujal","","","","April 26, 2022","Free","Deleted"
"254","Kuber","Singh","milan_amatya.kuber","milan.amatya+kuber@gurzu.com","April 26, 2022","Free","Verified"
"255","Ujjwol","Test","","","April 26, 2022","Free","Deleted"
"256","Wolo","Testing","","","April 26, 2022","Free","Deleted"
"257","Bipin","Testing","","","April 26, 2022","Free","Deleted"
"258","Sunil","Shrestha","","","April 26, 2022","Free","Deleted"
"259","sunil","shrestha","sunil.1234","sunil.stha86+1234@gmail.com","April 26, 2022","Free","Verified"
"260","Bipin","","","","April 25, 2022","Free","Deleted"
"261","Clinton","Acharya","aditi149549","aditi+144749@gurzu.com","April 25, 2022","Free","Verified"
"262","Hilary","Acharya","aditi14959","aditi+14479@gurzu.com","April 25, 2022","Free","Verified"
"263","Matilda","Acharya","aditi1959","aditi+1479@gurzu.com","April 25, 2022","Free","Verified"
"264","Matilda","Acharya","aditi159","aditi+149@gurzu.com","April 25, 2022","Free","Verified"
"265","Aditi","Acharya","aditi189","aditi+189@gurzu.com","April 25, 2022","Free","Verified"
"266","Aditi","Acharya","aditi19","aditi+19@gurzu.com","April 25, 2022","Free","Deleted"
"267","Aditi","Acharya","aditi1985","aditi+1985@gurzu.com","April 25, 2022","Free","Verified"
"268","Aditi","Acharya","aditi1905","aditi+1905@gurzu.com","April 25, 2022","Free","Verified"
"269","Aditi","Acharya","aditi10005","aditi+10005@gurzu.com","April 25, 2022","Free","Verified"
"270","Aditi","Acharya","aditi1005","aditi+1005@gurzu.com","April 25, 2022","Free","Verified"
"271","Aditi","Acharya","aditi105","aditi+105@gurzu.com","April 25, 2022","Free","Verified"
"272","Aditi","Acharya","aditi155","aditi+155@gurzu.com","April 25, 2022","Free","Verified"
"273","Aditi","Acharya","aditi14","aditi+14@gurzu.com","April 25, 2022","Free","Verified"
"274","Aditi","Acharya","aditi169","aditi+169@gurzu.com","April 25, 2022","Free","Verified"
"275","Aditi","Acharya","aditi16777","aditi+167@gurzu.com","April 25, 2022","Free","Verified"
"276","Rabina","Test","rabina1","rabinatest@yopmail.com","April 25, 2022","Free","Verified"
"277","sunil sunil","stha86","suni.stha","wolowolo444@yopmail.com","April 22, 2022","Free","Verified"
"278","sunil sunil","stha86","sunilstha86","wolowolo44@yopmail.com","April 22, 2022","Free","Verified"
"279","Sunil","","sunilshrestha","sunilshrestha@yopmail.com","April 21, 2022","Free","Unverified"
"280","Jocker","and the thief","...............","milan.amatya+yo@gurzu.com","April 21, 2022","Free","Unverified"
"281","Binit","Jhaa","binit","binit@gurzu.com","April 21, 2022","Free","Verified"
"282","Wolowolo","Wolo","sunil12","sunil.stha8866@gmail.com","April 21, 2022","Free","Suspended"
"283","Jocker","and the thief","milan.amatya_youtube","milan.amatya+youtubee@gurzu.com","April 19, 2022","Free","Unverified"
"284","Jocker","and the thief","milan.amatya+youtube&","milan.amatya+youtube@gurzu.com","April 19, 2022","Free","Unverified"
"285","Suman","Koirala","milan.amatya.koirala","milan.amatya+suman@gurzu.com","April 18, 2022","Free","Verified"
"286","Test.wolo","","test.woloe","test.wolo55@yopmail.com","April 15, 2022","Free","Unverified"
"287","Nizal","","nizal","nizal@yopmail.com","April 13, 2022","Free","Verified"
"288","Sunil1","","sunil1","sunilwolo@yopmail.com","April 13, 2022","Free","Verified"
"289","Wolo","Test","wolowolo13","wolowolo13@yopmail.com","April 13, 2022","Free","Deleted"
"290","Wolowolo","","wolowolo12","wolowolo12@yopmail.com","April 13, 2022","Free","Verified"
"291","Wolowolo11","","wolowolo11","wolowolo11@yopmail.com","April 13, 2022","Free","Unverified"
"292","Wolo","2","wolo2","wolo.testing2@yopmail.com","April 13, 2022","Free","Verified"
"293","Test","OTP","wolowolo9","wolowolo9@yopmail.com","April 13, 2022","Free","Deleted"
"294","12345678901","","wolowolo8","wolowolo8@yopmail.com","April 13, 2022","Free","Deleted"
"295","Wolowolo","","wolowolos","wolowolo7@yopmail.com","April 13, 2022","Free","Deleted"
"296","Wolo","Testing","wolo","wolo.testing@yopmail.com","April 13, 2022","Free","Verified"
"297","Anit","","anit","anit@yopmail.com","April 13, 2022","Free","Verified"
"298","Wolo","wolo","wolowolo6","wolowolo6@yopmail.com","April 12, 2022","Free","Suspended"
"299","Wolowolo5","","wolowolo5","wolowolo5@yopmail.com","April 12, 2022","Free","Unverified"
"300","Wolowolo","4","wolowolo4","wolowolo4@yopmail.com","April 12, 2022","Free","Deleted"
"301","Raj","Kumar","wolowolo3","wolowolo3@yopmail.com","April 12, 2022","Free","Verified"
"302","Sunil","","","","April 12, 2022","Free","Deleted"
"303","Wolowolo2","","wolowolo2","wolowolo2@yopmail.com","April 12, 2022","Free","Deleted"
"304","Wolowolo1","","wolowolo1","wolowolo1@yopmail.com","April 12, 2022","Free","Deleted"
"305","Wolo","wolo","wolowolo","wolowolo@yopmail.com","April 12, 2022","Free","Deleted"
"306","Test","wolo","testwolo4","testwolo4@yopmail.com","April 12, 2022","Free","Verified"
"307","Howard","Wolowitz","howard","aditi+3@gurzu.com","April 11, 2022","Free","Verified"
"308","Aditi","Acharya","aditi164987","aditi+17694300@gurzu.com","April 11, 2022","Free","Verified"
"309","Aditi","Acharya","aditi16487","aditi+1764300@gurzu.com","April 11, 2022","Free","Verified"
"310","Aditi","Acharya","aditi1648","aditi+176400@gurzu.com","April 11, 2022","Free","Verified"
"311","Aditi","Acharya","aditi168","aditi+17600@gurzu.com","April 11, 2022","Free","Suspended"
"312","Aditi","Acharya","aditi167","aditi+1600@gurzu.com","April 11, 2022","Free","Verified"
"313","Test","","test23","test2@yopmail.com","April 8, 2022","Free","Verified"
"314","Aditi","Acharya","aditi17987","aditi+17798@gurzu.com","April 8, 2022","Free","Verified"
"315","Aditi","Acharya","aditi1787","aditi+1778@gurzu.com","April 8, 2022","Free","Verified"
"316","Aditi","Acharya","aditi177","aditi+177@gurzu.com","April 8, 2022","Free","Verified"
"317","miami","","miami","aditi+23@gurzu.com","April 7, 2022","Free","Unverified"
"318","Howard","","Howard","aditi+24@gurzu.com","April 7, 2022","Free","Unverified"
"319","Rajesh","","","","April 7, 2022","Free","Deleted"
"320","Penny","Hoffstador","","","April 7, 2022","Free","Deleted"
"321","Sunil","","testtest","testtest1@yopmail.com","April 6, 2022","Free","Unverified"
"322","Aditi","Acharya","jasmeen","aditi+10@gurzu.com","April 5, 2022","Free","Unverified"
"323","Aditi","Acharya","karun","aditi+17@gurzu.com","April 5, 2022","Free","Unverified"
"324","Aditi","Acharya","Karun","aditi+16@gurzu.com","April 5, 2022","Free","Unverified"
"325","Aditi","Acharya","pheldon","Aditi+16@gurzu.com","April 5, 2022","Free","Unverified"
"326","Shreejala","Tuladhar","","","April 4, 2022","Free","Deleted"
"327","Test","","tester","test@g.com","April 4, 2022","Free","Unverified"
"328","Test","","","","April 4, 2022","Free","Deleted"
"329","Sunil","Shrestha","suniltest","testtest@yopmail.com","April 4, 2022","Free","Verified"
"330","Leonard","Hoffstader","leonard","49f5ad0e-1b62-481f-a51b-cff223f80130_bb69f5b3-d60f-44cb-bbf1-5aef5613ea2d_aditi+2@gurzu.com","April 4, 2022","Free","Suspended"
"331","Sheldon","Cooper","sheldon","aditi+1@gurzu.com","April 4, 2022","Free","Verified"
"332","Xinex","","Xinex","xinex25998@nuesond.com","April 3, 2022","Free","Verified"
"333","sunil","shrestha","aeb9ae55-51bd-4025-b08f-a88b3dce5e4c_sunilstha82","aeb9ae55-51bd-4025-b08f-a88b3dce5e4c_sunil.stha86@gmail.com","April 1, 2022","Free","Verified"
"334","Milan","Amatya","","","April 1, 2022","Free","Deleted"
"335","Aman","Maharjan","i8e4","aman.wolo@yopmail.com","April 1, 2022","Free","Verified"
"336","Merisha","Maharjan","merisha","merisha@yopmail.com","March 31, 2022","Free","Deleted"
"337","Amy","","aditi12","aditi+12@gurzu.com","March 31, 2022","Free","Verified"
"338","Arya","Johns","arya","Arya.johns@yopmail.com","March 31, 2022","Free","Verified"
"339","Alina","","","","March 30, 2022","Free","Deleted"
"340","Rabina","Testing","rabina","rabina@yopmail.com","March 30, 2022","Free","Verified"
"341","Karun","","Karun Gurzu Test","karun+test@gurzu.com","March 30, 2022","Free","Verified"
"342","Jasmeen","Shrestha","","","March 30, 2022","Free","Deleted"
"343","Shreza3","","shreza3","shreza3@yopmail.com","March 30, 2022","Free","Deleted"
"344","Shreza","Test","cj1997","shreza2@yopmail.com","March 30, 2022","Free","Verified"
"345","Wolo","Test","sunil.66","wolotest3@yopmail.com","March 30, 2022","Free","Verified"
"346","Test2","User","test2","shreza+1@yopmail.com","March 30, 2022","Free","Verified"
"347","Aditi","","aditi01","aditi@gurzu.com","March 30, 2022","Free","Verified"
"348","Shrez","Test","shrez","shreza@yopmail.com","March 30, 2022","Free","Deleted"
"349","Wolo","Two2","wolotest2","wolotest2@yopmail.com","March 30, 2022","Free","Verified"
"350","Wolotest1","","wolotest1","wolotest1@yopmail.com","March 30, 2022","Free","Suspended"